[{"Text":"Какое уравнение не входит в систему уравнений Максвелла?","Var1":{"Text":"Электростатическая теорема Гаусса","Result":false},"Var2":{"Text":"Уравнение непрерывности","Result":true},"Var3":{"Text":"Закон полного тока","Result":false},"Var4":{"Text":"Теорема о потоке индукции","Result":false}},{"Text":"Порядок разложения спектра: К-О-Ж-З-Г-С-Ф в сторону увеличения угла отклонения осуществляет","Var1":{"Text":"Линза","Result":false},"Var2":{"Text":"Дифракционная решётка","Result":false},"Var3":{"Text":"Призма","Result":true},"Var4":{"Text":"Червертьволновая пластинка","Result":false}},{"Text":"Какова единица измерения магнитной индукции в \"СИ\"?","Var1":{"Text":"Генри","Result":false},"Var2":{"Text":"А/м","Result":false},"Var3":{"Text":"Тесла","Result":true},"Var4":{"Text":"В/м","Result":false}},{"Text":"Полное внутреннее отражение может происходить при отражении от ","Var1":{"Text":"непрозрачной среды","Result":false},"Var2":{"Text":"идеального кристалла","Result":false},"Var3":{"Text":"оптически более плотной среды","Result":false},"Var4":{"Text":"оптически менее плотной среды","Result":true}},{"Text":"Укажите диапазон электромагнитных волн с наибольшей длиной волны","Var1":{"Text":"инфракрасный","Result":false},"Var2":{"Text":"радио","Result":true},"Var3":{"Text":"СВЧ","Result":false},"Var4":{"Text":"гамма","Result":false}},{"Text":"Что сохраняется при переходе волны из одной среды в другую?","Var1":{"Text":"Период","Result":true},"Var2":{"Text":"Волновой вектор","Result":false},"Var3":{"Text":"Длина волны","Result":false},"Var4":{"Text":"Частота","Result":true}},{"Text":"Сколько основных уравнений в системе уравнений Максвелла?","Var1":{"Text":"2","Result":false},"Var2":{"Text":"4","Result":true},"Var3":{"Text":"3","Result":false},"Var4":{"Text":"6","Result":false}},{"Text":"Переменное магнитное поле может порождаться","Var1":{"Text":"переменными токами проводимости","Result":true},"Var2":{"Text":"конденсатором","Result":false},"Var3":{"Text":"реостатом","Result":false},"Var4":{"Text":"переменным электрическим полем","Result":true}}]